,Date,Day,In Circulation,Open,High,Low,Close,Adj Close,Volume,Percentage Change in Circulation,Percentage Change in Price
0,1/1/2017,1,16077350.0,963.3800050000001,1001.6099849999999,956.099976,995.4400019999999,995.4400019999999,40570922,,
1,1/2/2017,2,16079337.5,995.4400019999999,1031.680054,990.2000119999999,1017.0499880000001,1017.0499880000001,66038073,0.0001236211191522063,0.021708978900367937
2,1/3/2017,3,16081387.5,1017.0499880000001,1035.469971,1006.5300289999999,1033.300049,1033.300049,56085870,0.0001274928149246346,0.015977642388999014
3,1/4/2017,4,16083300.0,1033.300049,1148.540039,1022.320007,1135.410034,1135.410034,170584623,0.00011892630533272275,0.09881929754945751
4,1/5/2017,5,16085050.0,1135.410034,1150.630005,874.5300289999999,989.349976,989.349976,244839289,0.00010880851566530403,-0.12864080255256938
5,1/6/2017,6,16087062.5,989.349976,1027.420044,852.5499880000001,886.159973,886.159973,179160668,0.00012511617930943686,-0.10430080912035111
6,1/7/2017,7,16088787.5,886.159973,900.8599849999999,806.659973,888.8699949999999,888.8699949999999,113037531,0.00010722902332238604,0.003058163404543457
7,1/8/2017,8,16090875.0,888.8699949999999,936.1300050000001,875.849976,900.8599849999999,900.8599849999999,70298340,0.00012974874582694085,0.013489025467666949
8,1/9/2017,9,16092575.0,900.8599849999999,910.4699710000001,870.909973,899.7800289999999,899.7800289999999,55963281,0.00010564994134876216,-0.0011988056057347096
9,1/10/2017,10,16094575.0,899.7800289999999,911.320007,890.1199949999999,904.3699949999999,904.3699949999999,48644106,0.0001242809183739091,0.005101209020054842
10,1/11/2017,11,16096487.5,904.3699949999999,917.650024,751.630005,785.429993,785.429993,160194109,0.00011882886003511395,-0.13151697055141676
11,1/12/2017,12,16098637.5,785.429993,828.210022,739.549988,810.1099849999999,810.1099849999999,93986701,0.0001335695132245185,0.0314222683370331
12,1/13/2017,13,16100512.5,810.1099849999999,835.049988,771.0,824.830017,824.830017,72555875,0.00011646948383048361,0.018170411762052252
13,1/14/2017,14,16102662.5,824.830017,838.900024,808.27002,819.630005,819.630005,36594482,0.00013353612190925013,-0.006304343795480505
14,1/15/2017,15,16104750.0,819.630005,826.429993,808.630005,821.169983,821.169983,20004735,0.0001296369466849967,0.0018788697224425555
15,1/16/2017,16,16106862.5,821.169983,836.659973,817.700012,827.340027,827.340027,27592899,0.00013117248016891736,0.0075137232579529645
16,1/17/2017,17,16108837.5,827.340027,906.3800050000001,825.039978,899.659973,899.659973,72272727,0.00012261854225181779,0.08741260381446536
17,1/18/2017,18,16110712.5,899.659973,913.669983,845.8699949999999,872.0300289999999,872.0300289999999,61042392,0.000116395736191377,-0.030711540836773632
18,1/19/2017,19,16112887.5,872.0300289999999,905.2800289999999,870.7100220000001,895.2100220000001,895.2100220000001,52300814,0.00013500334016880444,0.02658164538964547
19,1/20/2017,20,16115250.0,895.2100220000001,901.48999,878.900024,892.909973,892.909973,34847130,0.00014662176472102217,-0.002569284238866598
20,1/21/2017,21,16117512.5,892.909973,928.929993,889.4600220000001,919.840027,919.840027,37129176,0.0001403949674996241,0.030159875927379565
21,1/22/2017,22,16119687.5,919.840027,938.3800050000001,888.6199949999999,918.840027,918.840027,44074299,0.00013494638207967036,-0.0010871455586265455
22,1/23/2017,23,16121412.5,918.840027,927.9799800000001,910.849976,921.4600220000001,921.4600220000001,30261054,0.00010701200007745548,0.002851415831931492
23,1/24/2017,24,16123275.0,921.4600220000001,925.6099849999999,889.150024,893.75,893.75,53468911,0.00011552957906135752,-0.030071865667982367
24,1/25/2017,25,16125137.5,893.75,905.7000119999999,883.6300050000001,894.409973,894.409973,34014866,0.00011551623351957474,0.0007384313286713517
25,1/26/2017,26,16127075.0,894.409973,919.320007,893.48999,915.5599980000001,915.5599980000001,30795685,0.0001201540141906321,0.023646902023083838
26,1/27/2017,27,16129200.0,915.5599980000001,922.5599980000001,907.919983,918.01001,918.01001,28503144,0.0001317659898028012,0.002675970996277588
27,1/28/2017,28,16131100.0,918.01001,921.8900150000001,912.840027,918.51001,918.51001,13251844,0.00011779877489281887,0.0005446563703592755
28,1/29/2017,29,16133187.5,918.51001,922.400024,912.679993,914.5499880000001,914.5499880000001,10214368,0.00012940840984176916,-0.0043113542115886805
29,1/30/2017,30,16134987.5,914.5499880000001,922.349976,911.51001,920.7299800000001,920.7299800000001,17604172,0.00011157125645500088,0.00675741302398869
30,1/31/2017,31,16136800.0,920.7299800000001,967.4500119999999,917.3800050000001,965.48999,965.48999,51869216,0.0001123335236548062,0.04861361199512593
31,2/1/2017,32,16139200.0,965.48999,986.570007,959.820007,982.429993,982.429993,44035816,0.00014872837241575176,0.01754549832256669
32,2/2/2017,33,16141162.5,982.429993,1009.1300050000001,973.5,1003.9699710000001,1003.9699710000001,50633910,0.00012159834440361728,0.0219252039875375
33,2/3/2017,34,16143025.0,1003.9699710000001,1023.7199710000001,989.2100220000001,1013.0200199999999,1013.0200199999999,62431017,0.00011538821940493271,0.009014262638737724
34,2/4/2017,35,16144825.0,1013.0200199999999,1041.040039,1000.409973,1031.849976,1031.849976,40406542,0.00011150326534226096,0.018587940641094258
35,2/5/2017,36,16146812.5,1031.849976,1033.660034,1004.0499880000001,1016.1099849999999,1016.1099849999999,31669956,0.00012310446226582172,-0.015254146790812162
36,2/6/2017,37,16148375.0,1016.1099849999999,1030.599976,1010.830017,1024.670044,1024.670044,32828350,9.676832501770427e-05,0.008424342961259379
37,2/7/2017,38,16150262.5,1024.670044,1054.099976,1019.8699949999999,1049.560059,1049.560059,41318349,0.00011688482587257631,0.0242907608607712
38,2/8/2017,39,16152087.5,1049.560059,1069.22998,1020.330017,1055.48999,1055.48999,68336320,0.0001130012592673868,0.005649920601637604
39,2/9/2017,40,16154200.0,1055.48999,1073.030029,924.650024,978.9600220000001,978.9600220000001,145839317,0.00013078804829413926,-0.072506578674422
40,2/10/2017,41,16156037.5,978.9600220000001,1005.599976,947.0200199999999,997.6099849999999,997.6099849999999,60639111,0.00011374750838788472,0.019050791228326425
41,2/11/2017,42,16157775.0,997.6099849999999,1014.320007,983.929993,1008.320007,1008.320007,28504495,0.00010754493482689753,0.01073568043728046
42,2/12/2017,43,16159525.0,1008.320007,1007.820007,992.4500119999999,996.5200199999999,996.5200199999999,14825023,0.00010830699152575285,-0.011702621110442846
43,2/13/2017,44,16161562.5,996.5200199999999,1007.6099849999999,975.099976,995.3599849999999,995.3599849999999,32785064,0.00012608662692747963,-0.0011640859959842764
44,2/14/2017,45,16163675.0,995.3599849999999,1013.7999880000001,986.4600220000001,1008.340027,1008.340027,39810076,0.00013071137150255652,0.013040550349228797
45,2/15/2017,46,16165412.5,1008.340027,1010.929993,999.7299800000001,1008.1900019999999,1008.1900019999999,23569549,0.00010749411875710102,-0.00014878413628627296
46,2/16/2017,47,16167300.0,1008.1900019999999,1040.280029,1007.3900150000001,1031.930054,1031.930054,39114743,0.00011676163537432949,0.023547200381778932
47,2/17/2017,48,16169187.5,1031.930054,1057.390015,1025.869995,1049.410034,1049.410034,47815360,0.00011674800368655092,0.01693911320078678
48,2/18/2017,49,16171075.0,1049.410034,1063.209961,1044.680054,1052.280029,1052.280029,26856521,0.00011673437518111562,0.0027348652166594434
49,2/19/2017,50,16172750.0,1052.280029,1056.47998,1037.670044,1048.890015,1048.890015,18876881,0.00010358000318477778,-0.0032215892220454068
50,2/20/2017,51,16174600.0,1048.890015,1081.780029,1040.98999,1077.560059,1077.560059,32959720,0.00011438994605117436,0.02733369904374583
51,2/21/2017,52,16176325.0,1077.560059,1123.030029,1073.540039,1119.030029,1119.030029,62908569,0.00010664869610366168,0.038485066009671165
52,2/22/2017,53,16178050.0,1119.030029,1132.25,1094.829956,1120.459961,1120.459961,53647453,0.00010663732337223841,0.00127783166040496
53,2/23/2017,54,16179925.0,1120.459961,1181.599976,1113.540039,1171.910034,1171.910034,75663167,0.00011589777507170496,0.045918707308453266
54,2/24/2017,55,16181962.5,1171.910034,1211.73999,1092.410034,1176.48999,1176.48999,126978010,0.00012592765417629437,0.00390811228432586
55,2/25/2017,56,16184050.0,1176.48999,1180.01001,1116.209961,1149.050049,1149.050049,53003830,0.00012900165848250822,-0.02332356520942447
56,2/26/2017,57,16186275.0,1149.050049,1177.469971,1130.609985,1171.579956,1171.579956,35750258,0.00013748103842980974,0.019607420076790838
57,2/27/2017,58,16188075.0,1171.579956,1195.819946,1164.27002,1188.829956,1188.829956,42035366,0.00011120532673514205,0.014723707000668496
58,2/28/2017,59,16189987.5,1188.829956,1208.219971,1175.75,1189.27002,1189.27002,60371869,0.00011814252157837934,0.000370165638726494
59,3/1/2017,60,16191787.5,1189.27002,1225.040039,1154.550049,1222.660034,1222.660034,61964760,0.00011117982642039337,0.028076057950237487
60,3/2/2017,61,16193750.0,1222.660034,1286.97998,1211.959961,1255.469971,1255.469971,98040639,0.00012120341870835993,0.026834881395984223
61,3/3/2017,62,16195637.5,1255.469971,1291.349976,1250.800049,1283.300049,1283.300049,85876262,0.00011655731377846479,0.022167059860326965
62,3/4/2017,63,16197287.5,1283.300049,1285.780029,1228.72998,1264.319946,1264.319946,48597934,0.00010187928693761172,-0.014790074242411189
63,3/5/2017,64,16199125.0,1264.319946,1273.280029,1242.099976,1271.219971,1271.219971,32104972,0.00011344492094744751,0.005457499125778975
64,3/6/2017,65,16200900.0,1271.219971,1280.609985,1261.0,1277.01001,1277.01001,39591110,0.00010957381957354961,0.004554710539549811
65,3/7/2017,66,16202812.5,1277.01001,1280.890015,1148.660034,1232.689941,1232.689941,108673876,0.00011804899727785312,-0.034706124973914565
66,3/8/2017,67,16204587.5,1232.689941,1242.040039,1136.880005,1146.969971,1146.969971,116342973,0.00010954888233127846,-0.06953895472730243
67,3/9/2017,68,16206437.5,1146.969971,1206.969971,1129.349976,1191.329956,1191.329956,70427061,0.00011416520167517596,0.038675803309239365
68,3/10/2017,69,16208387.5,1191.329956,1330.420044,988.6900019999999,1112.390015,1112.390015,223836041,0.00012032255700855643,-0.06626202976129991
69,3/11/2017,70,16210250.0,1112.390015,1202.689941,1104.780029,1179.219971,1179.219971,82387198,0.00011490964169014184,0.06007781002960555
70,3/12/2017,71,16212187.5,1179.219971,1235.459961,1160.900024,1225.109985,1225.109985,53441762,0.00011952314122232188,0.03891556717877198
71,3/13/2017,72,16214000.0,1225.109985,1245.630005,1205.609985,1238.189941,1238.189941,74376298,0.00011179860830012878,0.010676556521576286
72,3/14/2017,73,16215950.0,1238.189941,1255.52002,1218.380005,1243.140015,1243.140015,56058617,0.00012026643641305235,0.003997830894993504
73,3/15/2017,74,16217725.0,1243.140015,1256.949951,1236.430054,1253.430054,1253.430054,54486699,0.00010946013030377344,0.008277457789016562
74,3/16/2017,75,16219637.5,1253.430054,1260.23999,1118.959961,1172.880005,1172.880005,159409024,0.00011792652791919878,-0.06426369683968014
75,3/17/2017,76,16221562.5,1172.880005,1174.900024,1063.47998,1071.709961,1071.709961,183879768,0.00011868329363085017,-0.08625779582626614
76,3/18/2017,77,16223525.0,1071.709961,1103.609985,940.179993,971.3800050000001,971.3800050000001,212772055,0.00012098094742718501,-0.09361670568628777
77,3/19/2017,78,16225587.5,971.3800050000001,1063.670044,967.3099980000001,1022.599976,1022.599976,108128237,0.00012713020135879383,0.0527290769177402
78,3/20/2017,79,16227287.5,1022.599976,1057.5,1005.0499880000001,1047.51001,1047.51001,63833143,0.00010477278557718961,0.02435950966617262
79,3/21/2017,80,16229062.5,1047.51001,1125.530029,1043.869995,1121.290039,1121.290039,101051998,0.00010938365392254568,0.07043372215602983
80,3/22/2017,81,16231050.0,1121.290039,1121.880005,997.7800289999999,1044.719971,1044.719971,120730492,0.00012246548437411242,-0.0682874772242581
81,3/23/2017,82,16232900.0,1044.719971,1062.790039,1022.0200199999999,1035.030029,1035.030029,58898141,0.00011397907097809856,-0.009275157237326304
82,3/24/2017,83,16235100.0,1035.030029,1038.380005,927.349976,939.7000119999999,939.7000119999999,130042865,0.00013552723173315684,-0.09210362436740482
83,3/25/2017,84,16236762.5,939.7000119999999,995.9600220000001,890.429993,966.2999880000001,966.2999880000001,118395054,0.00010240158668572974,0.02830688055796271
84,3/26/2017,85,16238837.5,966.2999880000001,1004.320007,946.650024,969.4400019999999,969.4400019999999,83255983,0.00012779641261606578,0.0032495229628419775
85,3/26/2017,85,16238837.5,969.4400019999999,1048.849976,961.7999880000001,1045.140015,1045.140015,92332221,0.0,0.0780863311229445
86,3/27/2017,86,16240487.5,1045.140015,1068.410034,1015.4500119999999,1044.420044,1044.420044,83567551,0.00010160825859606426,-0.0006888751647309288
87,3/28/2017,87,16242425.0,1044.420044,1058.660034,1008.340027,1041.900024,1041.900024,71261535,0.00011930060597009629,-0.002412841475493477
88,3/29/2017,88,16244150.0,1041.900024,1052.660034,1020.929993,1037.910034,1037.910034,77633883,0.00010620335325550734,-0.0038295324964884303
89,3/30/2017,89,16246200.0,1037.910034,1088.199951,1035.180054,1079.109985,1079.109985,96543920,0.00012619927789381258,0.03969510810221144
90,3/31/2017,90,16247887.5,1079.109985,1103.73999,1067.469971,1086.119995,1086.119995,55020078,0.0001038704435498694,0.006496103360585481
91,4/1/2017,91,16249537.5,1086.119995,1109.47998,1074.209961,1097.400024,1097.400024,77853933,0.00010155166325476195,0.010385619500541399
92,4/2/2017,92,16251512.5,1097.400024,1157.869995,1095.550049,1147.560059,1147.560059,111870807,0.0001215419208084878,0.045708068072723096
93,4/3/2017,93,16253712.5,1147.560059,1161.189941,1122.150024,1141.77002,1141.77002,81164094,0.00013537201537405785,-0.005045521543373899
94,4/4/2017,94,16255275.0,1141.77002,1143.839966,1110.060059,1129.869995,1129.869995,78335573,9.613188371582204e-05,-0.010422436034885463
95,4/5/2017,95,16257300.0,1129.869995,1201.550049,1130.51001,1188.699951,1188.699951,108182158,0.0001245749456715295,0.05206789830718539
96,4/6/2017,96,16259137.5,1188.699951,1201.22998,1173.180054,1190.48999,1190.48999,71184485,0.0001130261482533701,0.0015058795943367898
97,4/7/2017,97,16261162.5,1190.48999,1198.219971,1166.650024,1180.780029,1180.780029,39393003,0.00012454535180594917,-0.008156272695749478
98,4/8/2017,98,16262875.0,1180.780029,1215.099976,1173.98999,1204.339966,1204.339966,54498333,0.00010531227395338405,0.019952858636974824
99,4/9/2017,99,16264862.5,1204.339966,1214.869995,1194.810059,1206.709961,1206.709961,48473680,0.00012221086370023393,0.00196787872769133
100,4/10/2017,100,16266700.0,1206.709961,1229.569946,1195.76001,1220.73999,1220.73999,45563707,0.00011297359568818166,0.011626678699472537
101,4/11/2017,101,16268787.5,1220.73999,1225.459961,1207.359985,1212.530029,1212.530029,54699396,0.0001283296550622648,-0.006725396945503559
102,4/12/2017,102,16270562.5,1212.530029,1218.660034,1150.290039,1176.199951,1176.199951,78456422,0.00010910462749613714,-0.029962208878209995
103,4/13/2017,103,16272150.0,1176.199951,1195.400024,1162.160034,1177.329956,1177.329956,56129576,9.756884557621248e-05,0.000960725256823336
104,4/14/2017,104,16273887.5,1177.329956,1194.849976,841.5300289999999,1176.98999,1176.98999,33877537,0.00010677753093468745,-0.0002887601714943733
105,4/15/2017,105,16275762.5,1176.98999,1187.969971,1166.73999,1176.800049,1176.800049,22538918,0.00011521524896873636,-0.00016137860271869808
106,4/16/2017,106,16277587.5,1176.800049,1202.969971,1172.810059,1194.01001,1194.01001,56095607,0.00011212992325249083,0.014624371416898319
107,4/17/2017,107,16279312.5,1194.01001,1213.880005,1191.140015,1206.089966,1206.089966,64900219,0.00010597393501954322,0.010117131262576295
108,4/18/2017,108,16281137.5,1206.089966,1218.209961,1194.079956,1215.199951,1215.199951,53034357,0.00011210547128448489,0.007553321275205915
109,4/19/2017,109,16282925.0,1215.199951,1246.640015,1210.670044,1238.089966,1238.089966,69223360,0.00010978962618546362,0.01883641863313401
110,4/20/2017,110,16284650.0,1238.089966,1256.969971,1235.560059,1249.640015,1249.640015,52498296,0.00010593919704238175,0.009328925455486692
111,4/21/2017,111,16286737.5,1249.640015,1256.969971,1215.780029,1240.890015,1240.890015,55776932,0.0001281882017727387,-0.007002016496726826
112,4/22/2017,112,16288550.0,1240.890015,1256.22998,1223.060059,1249.140015,1249.140015,54224355,0.00011128686761230355,0.006648453851891167
113,4/23/2017,113,16290462.5,1249.140015,1256.359985,1234.859985,1248.180054,1248.180054,49281629,0.00011741376611174026,-0.000768497517069755
114,4/24/2017,114,16292012.5,1248.180054,1272.619995,1244.209961,1264.310059,1264.310059,56659016,9.514769761764796e-05,0.012922819066294666
115,4/25/2017,115,16293862.5,1264.310059,1309.199951,1263.0,1286.630005,1286.630005,77649710,0.00011355257676126662,0.017653854638832733
116,4/26/2017,116,16295775.0,1286.630005,1346.790039,1285.300049,1332.910034,1332.910034,83319636,0.00011737548417389831,0.03596995936683456
117,4/27/2017,117,16297612.5,1332.910034,1356.150024,1287.619995,1329.619995,1329.619995,104536476,0.0001127592888341411,-0.0024683128763962614
118,4/28/2017,118,16299312.5,1329.619995,1343.689941,1314.150024,1336.280029,1336.280029,55982468,0.00010430975702724332,0.005008975515594649
119,4/29/2017,119,16301475.0,1336.280029,1358.939941,1309.660034,1351.910034,1351.910034,55470285,0.0001326743075820147,0.011696653890499675
120,4/30/2017,120,16303362.5,1351.910034,1448.680054,1342.780029,1415.810059,1415.810059,144414038,0.00011578706834813879,0.047266477349039215
121,5/1/2017,121,16305237.5,1415.810059,1471.140015,1394.829956,1445.930054,1445.930054,103342244,0.00011500695025334906,0.02127403659024285
122,5/2/2017,122,16307212.5,1445.930054,1496.390015,1424.050049,1485.550049,1485.550049,122551707,0.00012112672385167222,0.02740104536204635
123,5/3/2017,123,16308862.5,1485.550049,1609.839966,1437.109985,1516.76001,1516.76001,213084949,0.0001011822222836134,0.021009026939892816
124,5/4/2017,124,16310962.5,1516.76001,1588.109985,1485.01001,1507.77002,1507.77002,188015771,0.00012876434515285418,-0.00592710115030004
125,5/5/2017,125,16312575.0,1507.77002,1560.420044,1503.930054,1545.290039,1545.290039,92747185,9.885989254154737e-05,0.024884444247007975
126,5/6/2017,126,16314675.0,1545.290039,1572.890015,1495.180054,1554.449951,1554.449951,111708072,0.00012873504029875527,0.005927632851324027
127,5/7/2017,127,16316762.5,1554.449951,1667.670044,1552.859985,1664.469971,1664.469971,174687869,0.00012795228835393857,0.07077746049605671
128,5/8/2017,128,16319012.5,1664.469971,1757.390015,1619.969971,1697.5,1697.5,219169486,0.00013789500214889117,0.019844172364464896
129,5/9/2017,129,16320950.0,1697.5,1766.180054,1664.98999,1752.310059,1752.310059,156203600,0.00011872654671973848,0.03228869455081007
130,5/10/2017,130,16322800.0,1752.310059,1864.7600100000002,1741.540039,1819.290039,1819.290039,198829123,0.0001133512448723284,0.038223817557849316
131,5/11/2017,131,16324487.5,1819.290039,1822.5100100000002,1641.180054,1686.390015,1686.390015,192159873,0.00010338299801504469,-0.07305048736102049
132,5/12/2017,132,16326412.5,1686.390015,1770.5,1594.589966,1763.7399899999998,1763.7399899999998,128390095,0.00011792100670837691,0.045867192234294585
133,5/13/2017,133,16328387.5,1763.7399899999998,1802.75,1736.130005,1772.550049,1772.550049,72874378,0.00012096962513963305,0.004995100780132544
134,5/14/2017,134,16330437.5,1772.550049,1776.6500239999998,1656.810059,1708.9200440000002,1708.9200440000002,138499150,0.0001255482208515346,-0.03589743772588938
135,5/15/2017,135,16332562.5,1708.9200440000002,1752.550049,1653.719971,1729.339966,1729.339966,130379207,0.00013012511146737182,0.011949021296633555
136,5/16/2017,136,16334212.5,1729.339966,1842.8299559999998,1703.969971,1801.300049,1801.300049,170954154,0.00010102517593302274,0.04161129934818142
137,5/17/2017,137,16336150.0,1801.300049,1980.4899899999998,1791.119995,1880.9899899999998,1880.9899899999998,135901905,0.00011861606428831273,0.044240236957879375
138,5/18/2017,138,16337925.0,1880.9899899999998,1969.699951,1875.280029,1962.0,1962.0,191523926,0.0001086547319901765,0.043067751785324626
139,5/19/2017,139,16339975.0,1962.0,2048.449951,1944.4000239999998,2040.180054,2040.180054,179346919,0.00012547493026193735,0.03984712232415899
140,5/20/2017,140,16342037.5,2040.180054,2094.939941,1980.069946,2044.189941,2044.189941,161036810,0.00012622418332952634,0.00196545740761378
141,5/21/2017,141,16343875.0,2044.189941,2264.76001,1998.609985,2124.409912,2124.409912,373482496,0.00011244007976363157,0.03924291446261452
142,5/22/2017,142,16345700.0,2124.409912,2286.300049,2110.780029,2272.580078,2272.580078,251969081,0.00011166262590722731,0.06974650474140698
143,5/23/2017,143,16347800.0,2272.580078,2496.97998,2263.290039,2445.280029,2445.280029,353734030,0.00012847415528249861,0.0759929001718549
144,5/24/2017,144,16349725.0,2445.280029,2781.76001,2210.47998,2307.219971,2307.219971,622139030,0.0001177528474780587,-0.05645981497524433
145,5/25/2017,145,16351762.5,2306.959961,2616.52002,2051.449951,2244.889893,2244.889893,441342711,0.0001246198330553394,-0.0270152299232157
146,5/26/2017,146,16353675.0,2244.889893,2322.3701170000004,1868.560059,2052.429932,2052.429932,446034004,0.00011695986900495114,-0.08573247249236027
147,5/27/2017,147,16355775.0,2052.429932,2300.52002,2051.070068,2189.02002,2189.02002,266766116,0.00012841150383624544,0.06655042682353551
148,5/28/2017,148,16357837.5,2189.02002,2337.350098,2117.340088,2278.209961,2278.209961,204101576,0.00012610224828835115,0.04074423266352767
149,5/29/2017,149,16359725.0,2278.209961,2329.26001,2147.100098,2192.550049,2192.550049,270069146,0.00011538811288480666,-0.03759965651383612
150,5/30/2017,150,16361962.5,2192.550049,2330.6201170000004,2168.3701170000004,2303.340088,2303.340088,261223035,0.00013676880265411917,0.050530221214576176
151,5/31/2017,151,16364012.5,2303.340088,2460.840088,2303.340088,2412.649902,2412.649902,290070431,0.00012529059396149123,0.047457088325551844
152,6/1/2017,152,16366137.5,2412.649902,2493.969971,2385.590088,2492.600098,2492.600098,199765372,0.00012985812617771764,0.033137918573981295
153,6/2/2017,153,16367962.5,2492.600098,2582.77002,2449.949951,2545.429932,2545.429932,177168595,0.00011151073367199338,0.021194668989377607
154,6/3/2017,154,16370362.5,2545.429932,2559.790039,2478.179932,2524.060059,2524.060059,149060810,0.00014662790191510844,-0.008395388429808137
155,6/4/2017,155,16372375.0,2524.060059,2705.3798829999996,2523.919922,2704.959961,2704.959961,225611887,0.00012293557946563283,0.07167020505513255
156,6/5/2017,156,16374425.0,2704.959961,2931.23999,2699.679932,2870.5,2870.5,538772473,0.00012521091167294607,0.061198702157055695
157,6/6/2017,157,16376312.5,2870.5,2880.949951,2626.560059,2691.51001,2691.51001,340329903,0.00011527122326437933,-0.062354986936073886
158,6/7/2017,158,16378375.0,2691.51001,2808.409912,2623.610107,2798.780029,2798.780029,260898606,0.0001259441037169129,0.03985495822101748
159,6/8/2017,159,16380437.5,2798.780029,2852.070068,2786.070068,2811.429932,2811.429932,189237110,0.000125928243797091,0.0045197917910397845
160,6/9/2017,160,16382325.0,2811.429932,2914.189941,2807.360107,2900.25,2900.25,246869682,0.00011522891253656908,0.03159248857282204
161,6/10/2017,161,16384087.5,2900.25,2977.860107,2867.25,2973.449951,2973.449951,241516660,0.00010758546177047634,0.02523918662184288
162,6/11/2017,162,16385912.5,2973.449951,2985.060059,2483.6298829999996,2656.77002,2656.77002,585158909,0.00011138856527703744,-0.10650252609548638
163,6/12/2017,163,16387750.0,2656.77002,2784.77002,2647.439941,2712.98999,2712.98999,314476276,0.00011213900965234558,0.021161022435807197
164,6/13/2017,164,16389512.5,2712.98999,2803.719971,2348.98999,2467.27002,2467.27002,448294279,0.00010754984668426282,-0.09057164637750836
165,6/14/2017,165,16391262.5,2467.27002,2521.600098,2125.560059,2442.459961,2442.459961,606264366,0.00010677559811500537,-0.010055672382384806
166,6/15/2017,166,16393175.0,2442.459961,2536.419922,2335.280029,2508.580078,2508.580078,286630757,0.00011667801671766398,0.027071116028828834
167,6/16/2017,167,16395025.0,2508.580078,2690.709961,2454.810059,2655.100098,2655.100098,246698591,0.0001128518423063607,0.05840755146107002
168,6/17/2017,168,16396837.5,2655.100098,2676.040039,2488.590088,2539.560059,2539.560059,235239296,0.000110551828984784,-0.043516264824453366
169,6/18/2017,169,16398650.0,2539.560059,2617.75,2518.780029,2616.820068,2616.820068,210372750,0.00011053960862872358,0.030422595727239043
170,6/19/2017,170,16400537.5,2616.820068,2800.47998,2613.97998,2754.3798829999996,2754.3798829999996,300034010,0.00011510093818700717,0.05256754817886078
171,6/20/2017,171,16402262.5,2754.3798829999996,2804.409912,2624.350098,2677.6201170000004,2677.6201170000004,313234721,0.00010517947963606389,-0.027868256834781446
172,6/21/2017,172,16404012.5,2677.6201170000004,2757.320068,2623.169922,2722.840088,2722.840088,210318780,0.00010669259804862996,0.016888120429369824
173,6/22/2017,173,16405750.0,2722.840088,2759.659912,2699.47998,2710.3701170000004,2710.3701170000004,155303414,0.00010591920726721327,-0.004579766198888002
174,6/23/2017,174,16407750.0,2710.3701170000004,2741.560059,2540.350098,2590.050049,2590.050049,228007287,0.00012190847721083031,-0.04439248619416525
175,6/24/2017,175,16409575.0,2590.050049,2660.659912,2472.3701170000004,2541.6201170000004,2541.6201170000004,220679135,0.00011122792582773933,-0.018698454116243046
176,6/25/2017,176,16411100.0,2541.6201170000004,2584.75,2327.26001,2446.050049,2446.050049,401912134,9.293354642037066e-05,-0.0376020268964532
177,6/26/2017,177,16412875.0,2446.050049,2585.060059,2309.6298829999996,2583.75,2583.75,381517099,0.00010815850247691827,0.05629482154557497
178,6/27/2017,178,16414512.5,2583.75,2616.949951,2490.110107,2577.73999,2577.73999,279792448,9.976923604182453e-05,-0.002326080309627443
179,6/28/2017,179,16416475.0,2577.73999,2605.860107,2526.51001,2558.3701170000004,2558.3701170000004,191733499,0.00011955883551206803,-0.007514285022982348
180,6/29/2017,180,16417975.0,2558.3701170000004,2576.280029,2469.540039,2480.610107,2480.610107,183878856,9.137162515093777e-05,-0.03039435517296596
181,6/30/2017,181,16419900.0,2480.610107,2529.6201170000004,2387.469971,2424.610107,2424.610107,160661673,0.00011724953899605595,-0.02257509144301817
182,7/1/2017,182,16421950.0,2424.610107,2555.340088,2375.860107,2536.459961,2536.459961,165839565,0.00012484850699445715,0.04613106811568701
183,7/2/2017,183,16424300.0,2536.459961,2617.47998,2506.300049,2572.469971,2572.469971,212244951,0.00014310115424787107,0.01419695581782543
184,7/3/2017,184,16426425.0,2572.469971,2658.72998,2569.98999,2617.320068,2617.320068,210433639,0.00012938146526786376,0.01743464355487312
185,7/4/2017,185,16428337.5,2617.320068,2642.73999,2562.040039,2627.860107,2627.860107,232257106,0.00011642825508295651,0.0040270348013087265
186,7/5/2017,186,16430200.0,2627.860107,2634.840088,2581.800049,2614.23999,2614.23999,156558009,0.00011337117952447961,-0.005182968820798051
187,7/6/2017,187,16431975.0,2614.23999,2617.47998,2484.72998,2513.8798829999996,2513.8798829999996,229168229,0.00010803276892557001,-0.038389783410818556
188,7/7/2017,188,16433825.0,2513.8798829999996,2568.72998,2480.6201170000004,2564.860107,2564.860107,136973389,0.00011258537090030885,0.02027949877189905
189,7/8/2017,189,16435887.5,2564.860107,2576.72998,2509.649902,2511.429932,2511.429932,99506518,0.00012550334447403166,-0.02083161372200326
190,7/9/2017,190,16437612.5,2511.429932,2530.340088,2271.790039,2344.02002,2344.02002,297270301,0.00010495326157466955,-0.06665920074731357
191,7/10/2017,191,16440075.0,2344.02002,2412.75,2265.47998,2324.290039,2324.290039,341998621,0.00014980886062376797,-0.00841715549852684
192,7/11/2017,192,16442237.5,2324.290039,2424.820068,2262.080078,2403.090088,2403.090088,257095280,0.0001315383293567507,0.03390284675225086
193,7/12/2017,193,16444450.0,2403.090088,2436.659912,2334.959961,2362.439941,2362.439941,208630220,0.0001345619779546947,-0.016915781560994825
194,7/13/2017,194,16446412.5,2362.439941,2370.530029,2165.360107,2234.169922,2234.169922,257704533,0.00011934117589817994,-0.0542955682275269
195,7/14/2017,195,16448150.0,2234.169922,2237.1298829999996,1974.030029,1975.0799559999998,1975.0799559999998,320719096,0.00010564614015362572,-0.11596699223668105
196,7/15/2017,196,16449737.5,1975.0799559999998,2044.410034,1808.9899899999998,1914.089966,1914.089966,364287861,9.65154135874613e-05,-0.030879757457272228
197,7/16/2017,197,16451775.0,1914.089966,2233.830078,1913.790039,2233.389893,2233.389893,368366495,0.0001238621588945943,0.16681552731153082
198,7/17/2017,198,16453625.0,2233.389893,2400.73999,2164.590088,2320.22998,2320.22998,465220151,0.00011244987243008708,0.03888263633330591
199,7/18/2017,199,16455687.5,2320.22998,2412.3798829999996,2243.1298829999996,2282.580078,2282.580078,357639189,0.00012535231597898822,-0.016226797483239186
200,7/19/2017,200,16457550.0,2282.580078,2932.810059,2282.110107,2866.02002,2866.02002,807416890,0.00011318275216387619,0.2556054648962025
201,7/20/2017,201,16459575.0,2866.02002,2873.959961,2622.540039,2675.080078,2675.080078,529154789,0.00012304383094696725,-0.06662198472709902
202,7/21/2017,202,16461500.0,2675.080078,2876.709961,2658.590088,2836.530029,2836.530029,341992860,0.00011695320201154935,0.06035331515036613
203,7/22/2017,203,16463500.0,2836.530029,2856.669922,2675.649902,2756.610107,2756.610107,299869260,0.0001214956109709675,-0.028175242702498493
204,7/23/2017,204,16465650.0,2756.610107,2798.889893,2715.689941,2763.419922,2763.419922,229047365,0.00013059191544928517,0.0024703584241774212
205,7/24/2017,205,16467875.0,2763.419922,2779.080078,2472.6201170000004,2582.580078,2582.580078,534765380,0.00013512980052410306,-0.06544059502513788
206,7/25/2017,206,16469725.0,2582.580078,2631.72998,2441.540039,2559.209961,2559.209961,340465234,0.0001123399345694942,-0.00904913547466768
207,7/26/2017,207,16471562.5,2559.209961,2712.919922,2547.73999,2691.8798829999996,2691.8798829999996,269880857,0.0001115683473766893,0.05184018662859513
208,7/27/2017,208,16473487.5,2691.8798829999996,2843.780029,2683.590088,2806.75,2806.75,383479795,0.00011686808704403084,0.04267282419451113
209,7/28/2017,209,16475362.5,2806.75,2812.1298829999996,2699.419922,2733.5,2733.5,230818894,0.00011381925047748709,-0.026097799946557365
210,7/29/2017,210,16477325.0,2733.5,2773.060059,2621.679932,2766.48999,2766.48999,222933516,0.0001191172576626709,0.01206877263581485
211,7/30/2017,211,16479162.5,2766.48999,2916.300049,2723.050049,2883.27002,2883.27002,254836601,0.00011151688760158152,0.04221234503725779
212,7/31/2017,212,16480975.0,2883.27002,2946.02002,2659.6201170000004,2746.98999,2746.98999,341216428,0.0001099873855847644,-0.047265788169226
213,8/1/2017,213,16482837.5,2746.98999,2773.800049,2668.8701170000004,2720.530029,2720.530029,222534344,0.0001130090907850434,-0.009632347076736214
214,8/2/2017,214,16484737.5,2720.530029,2822.8798829999996,2717.6201170000004,2809.98999,2809.98999,188517085,0.00011527141488842929,0.0328832837889621
215,8/3/2017,215,16486462.5,2809.98999,2892.669922,2779.51001,2878.48999,2878.48999,195800289,0.0001046422486254972,0.024377311038036753
216,8/4/2017,216,16488700.0,2878.48999,3344.01001,2875.909912,3262.800049,3262.800049,503737620,0.00013571741057250009,0.13351099372765218
217,8/5/2017,217,16490912.5,3262.800049,3295.070068,3166.52002,3232.030029,3232.030029,196484496,0.00013418280398092008,-0.009430556435547022
218,8/6/2017,218,16492662.5,3232.030029,3425.1298829999996,3198.51001,3401.9099119999996,3401.9099119999996,294021645,0.00010611905193247395,0.052561356632123024
219,8/7/2017,219,16494575.0,3401.9099119999996,3494.8701170000004,3357.149902,3429.3798829999996,3429.3798829999996,366169429,0.00011596065826235957,0.008074867268854424
220,8/8/2017,220,16496625.0,3429.3798829999996,3437.149902,3251.030029,3348.790039,3348.790039,324058681,0.00012428328708069536,-0.02349982992537414
221,8/9/2017,221,16498350.0,3348.790039,3453.8400880000004,3322.919922,3425.669922,3425.669922,242024460,0.00010456684321802356,0.022957510654492363
222,8/10/2017,222,16500025.0,3425.669922,3706.4799799999996,3409.790039,3654.3701170000004,3654.3701170000004,345135492,0.0001015253040455022,0.06676072132089095
223,8/11/2017,223,16501825.0,3654.3701170000004,3967.26001,3611.360107,3871.6201170000004,3871.6201170000004,469532325,0.00010909074380194284,0.05944936967094838
224,8/12/2017,224,16503512.5,3871.6201170000004,4189.419922,3847.3100590000004,4062.600098,4062.600098,638917500,0.00010226141654023913,0.04932818180208853
225,8/13/2017,225,16505362.5,4062.600098,4336.709961,3978.9499509999996,4327.939941,4327.939941,540927757,0.00011209734897343893,0.06531281361673402
226,8/14/2017,226,16506987.5,4327.939941,4436.47998,3837.1298829999996,4161.660156,4161.660156,872840682,9.845285130816173e-05,-0.038420076818713844
227,8/15/2017,227,16508887.5,4161.660156,4398.060059,3938.6201170000004,4387.399902,4387.399902,472960334,0.00011510277087212195,0.05424271505556355
228,8/16/2017,228,16510512.5,4387.399902,4487.5,4194.100098,4278.919922,4278.919922,554232802,9.843182952207208e-05,-0.024725345859297976
229,8/17/2017,229,16512750.0,4278.919922,4362.72998,3978.280029,4105.370117,4105.370117,603898315,0.00013551971811898156,-0.04055925517738623
230,8/18/2017,230,16514612.5,4105.370117,4189.680176,3957.459961,4150.450195,4150.450195,462723151,0.00011279163070954112,0.010980758546793812
231,8/19/2017,231,16516500.0,4150.450195,4182.290039,4034.399902,4066.600098,4066.600098,288193446,0.00011429272106755484,-0.020202651052412035
232,8/20/2017,232,16518125.0,4066.600098,4097.25,3966.929932,4005.100098,4005.100098,365174045,9.838646202275925e-05,-0.015123198376512659
233,8/21/2017,233,16519562.5,4005.100098,4142.680176,3612.209961,4089.6999509999996,4089.6999509999996,659657838,8.702561580076207e-05,0.021123030868128723
234,8/22/2017,234,16520675.0,4089.6999509999996,4255.620117,4070.48999,4141.089844,4141.089844,402340258,6.734439849731544e-05,0.012565687853808072
235,8/23/2017,235,16522662.5,4141.089844,4364.109863000001,4111.709961,4318.350098,4318.350098,305373477,0.0001203038011461377,0.04280521811349525
236,8/24/2017,236,16523925.0,4318.350098,4461.709961,4292.629883,4364.410156,4364.410156,362283252,7.641020325865888e-05,0.01066612408783918
237,8/25/2017,237,16525187.5,4364.410156,4379.279785,4263.279785,4352.299805,4352.299805,199403922,7.640436518552285e-05,-0.0027747967232987225
238,8/26/2017,238,16526500.0,4352.299805,4408.180176,4321.120117,4345.75,4345.75,185180843,7.942421228190888e-05,-0.0015049066685330903
239,8/27/2017,239,16528437.5,4345.75,4403.129883,4195.22998,4390.310059,4390.310059,325285703,0.00011723595437640455,0.010253709716389725
240,8/28/2017,240,16530050.0,4390.310059,4647.830078,4350.220215,4597.310059,4597.310059,455467850,9.75591310430346e-05,0.04714928950761843
241,8/29/2017,241,16531912.5,4597.310059,4644.060059,4491.790039,4583.02002,4583.02002,313466398,0.00011267358537936367,-0.00310834788530856
242,8/30/2017,242,16534012.5,4583.02002,4765.069824,4580.129883,4735.109863000001,4735.109863000001,338981145,0.00012702704541900367,0.03318550700985168
243,8/31/2017,243,16536050.0,4735.109863000001,4925.22998,4690.169922,4921.850098,4921.850098,491140364,0.0001232308249434766,0.03943736056879721
244,9/1/2017,244,16538225.0,4921.850098,4976.52002,4448.640136999999,4573.799805,4573.799805,747713818,0.0001315308069338439,-0.07071533794607665
245,9/2/2017,245,16540275.0,4573.799805,4719.779785,4397.740234000001,4612.919922,4612.919922,470135795,0.00012395526122066514,0.008553089043651374
246,9/3/2017,246,16542200.0,4612.919922,4621.009765999999,4098.580078,4267.450195,4267.450195,737216060,0.00011638258735113816,-0.07489176765293082
247,9/4/2017,247,16544387.5,4267.450195,4496.669922,4004.6201170000004,4409.080078,4409.080078,673846827,0.00013223755002367277,0.03318840912682286
248,9/5/2017,248,16546850.0,4409.080078,4660.040039,4401.529785,4618.709961,4618.709961,504717245,0.00014884201666576224,0.04754503871362892
249,9/6/2017,249,16548875.0,4618.709961,4690.549805,4493.200195,4635.600098,4635.600098,324939872,0.00012237978829809926,0.0036568949214432767
250,9/7/2017,250,16551075.0,4635.600098,4699.589844,4130.879883,4326.450195,4326.450195,786819863,0.00013293955027160465,-0.06669037373033548
251,9/8/2017,251,16553262.5,4326.450195,4402.149902,4185.330078,4335.129883,4335.129883,332195251,0.00013216664174375836,0.002006191590979256
252,9/9/2017,252,16555375.0,4335.129883,4338.080078,4032.149902,4245.890136999999,4245.890136999999,451244396,0.00012761834713859166,-0.020585253131618853
253,9/10/2017,253,16557100.0,4245.890136999999,4364.419922,4134.620117,4217.899902,4217.899902,375254125,0.0001041957672356375,-0.006592312588609817
254,9/11/2017,254,16559275.0,4217.899902,4387.759765999999,4074.969971,4158.919922,4158.919922,453402207,0.00013136358420262617,-0.013983257395945636
255,9/12/2017,255,16561625.0,4158.919922,4174.580078,3752.01001,3870.290039,3870.290039,728385231,0.0001419144256014082,-0.06940020207486941
256,9/13/2017,256,16564000.0,3870.290039,3930.6899409999996,3218.97998,3243.080078,3243.080078,1118258889,0.00014340380246502527,-0.16205761187914935
257,9/14/2017,257,16566175.0,3243.080078,3824.429932,2979.8798829999996,3713.76001,3713.76001,1519153953,0.0001313088625936043,0.1451336139347712
258,9/15/2017,258,16568425.0,3713.76001,3893.669922,3551.830078,3698.919922,3698.919922,627559216,0.00013581892017922037,-0.0039959738809293155
259,9/16/2017,259,16570537.5,3698.919922,3796.5600590000004,3485.830078,3689.610107,3689.610107,351250484,0.00012750155793317397,-0.002516900932250099
260,9/17/2017,260,16572737.5,3689.610107,4122.75,3689.0,4100.279785,4100.279785,586938661,0.00013276575971055138,0.11130435631148927
261,9/18/2017,261,16574325.0,4100.279785,4120.709961,3852.219971,3907.959961,3907.959961,488897829,9.578984763369824e-05,-0.0469040734009325
262,9/19/2017,262,16576275.0,3907.959961,4053.040039,3846.76001,3882.1599119999996,3882.1599119999996,342438072,0.00011765185007539536,-0.00660192255229719
263,9/20/2017,263,16577737.5,3882.1599119999996,3912.790039,3576.540039,3617.2700200000004,3617.2700200000004,543570164,8.82285073093847e-05,-0.06823260710647394
264,9/21/2017,264,16579937.5,3617.2700200000004,3753.51001,3505.8100590000004,3600.830078,3600.830078,414612501,0.00013270809722976118,-0.004544847885035841
265,9/22/2017,265,16581675.0,3600.830078,3813.389893,3563.179932,3788.0200200000004,3788.0200200000004,253370774,0.00010479532869167585,0.051985219503601465
266,9/23/2017,266,16583750.0,3788.0200200000004,3790.889893,3633.8798829999996,3667.5200200000004,3667.5200200000004,183852135,0.0001251381419549169,-0.03181081392489582
267,9/24/2017,267,16585562.5,3667.5200200000004,3971.5,3665.669922,3932.830078,3932.830078,386674961,0.00010929373633827844,0.07234045255463917
268,9/25/2017,268,16587125.0,3932.830078,3982.3100590000004,3858.75,3892.6999509999996,3892.6999509999996,248481868,9.420844183005705e-05,-0.010203880209441518
269,9/26/2017,269,16588850.0,3892.6999509999996,4232.350098,3882.080078,4212.200195,4212.200195,480358673,0.00010399632244895152,0.08207677139819736
270,9/27/2017,270,16590687.5,4212.200195,4274.640136999999,4112.879883,4195.649902,4195.649902,386909537,0.00011076717192581853,-0.003929132575333449
271,9/28/2017,271,16592900.0,4195.649902,4237.509765999999,4030.3701170000004,4172.790039,4172.790039,404599756,0.0001333579455342626,-0.005448467706779536
272,9/29/2017,272,16595012.5,4172.790039,4383.27002,4164.25,4360.620117,4360.620117,290796939,0.00012731348950456578,0.04501306709527442
273,9/30/2017,273,16596737.5,4360.620117,4412.620117,4258.319824,4403.089844,4403.089844,262485153,0.00010394689368276033,0.009739377854638187
274,10/1/2017,274,16598362.5,4403.089844,4477.379883,4364.669922,4401.319824,4401.319824,314621927,9.791080927801232e-05,-0.00040199497687110064
275,10/2/2017,275,16600237.5,4401.319824,4435.990234000001,4230.72998,4314.180176,4314.180176,353046057,0.00011296295041152149,-0.019798526688480034
276,10/3/2017,276,16602525.0,4314.180176,4355.290039,4183.569824,4218.660156,4218.660156,272424730,0.00013779923329404475,-0.022140943609954555
277,10/4/2017,277,16604200.0,4218.660156,4365.759765999999,4143.350098,4321.439941,4321.439941,271914958,0.00010088826850140897,0.024363134549679533
278,10/5/2017,278,16605762.5,4321.439941,4422.149902,4296.930176,4371.939941,4371.939941,269878225,9.410269690790507e-05,0.011685919667858258
279,10/6/2017,279,16607750.0,4371.939941,4472.919922,4319.47998,4435.810059,4435.810059,176332039,0.00011968736756284848,0.014609102334876
280,10/7/2017,280,16609725.0,4435.810059,4622.870117,4419.359863000001,4611.700195,4611.700195,323063950,0.00011892038355587609,0.039652314607819816
281,10/8/2017,281,16612000.0,4611.700195,4875.379883,4556.149902,4777.490234000001,4777.490234000001,518586828,0.00013696795100459624,0.03594987358019286
282,10/9/2017,282,16614012.5,4777.490234000001,4930.0,4722.810059,4763.359863000001,4763.359863000001,475717720,0.00012114736335178122,-0.002957697516457136
283,10/10/2017,283,16616012.5,4763.359863000001,4874.890136999999,4718.600098,4824.200195,4824.200195,338533507,0.0001203803114990798,0.012772566791055429
284,10/11/2017,284,16617750.0,4824.200195,5432.629883,4814.97998,5432.620117,5432.620117,848641969,0.00010456780770962126,0.126118298869643
285,10/12/2017,285,16619662.5,5432.620117,5852.779785,5391.970215,5637.259765999999,5637.259765999999,1211469140,0.00011508778264213149,0.03766868372769738
286,10/13/2017,286,16621362.5,5637.259765999999,5839.620117,5568.859863000001,5824.709961,5824.709961,434406119,0.00010228847908311245,0.0332520059002015
287,10/14/2017,287,16623125.0,5824.709961,5862.689941,5448.220215,5688.140136999999,5688.140136999999,571166215,0.0001060382384416858,-0.023446630804695667
288,10/15/2017,288,16625562.5,5677.350098,5795.330078,5576.100098,5759.330078,5759.330078,349154669,0.000146633078918601,0.012515504063784766
289,10/16/2017,289,16627737.5,5759.25,5773.319824,5521.089844,5598.580078,5598.580078,368658284,0.00013082264133923438,-0.02791123235218751
290,10/17/2017,290,16629787.5,5598.580078,5601.299805,5114.870117,5575.830078,5575.830078,654722509,0.0001232879698755962,-0.004063530338593857
291,10/18/2017,291,16631675.0,5576.709961,5737.410156,5517.620117,5698.649902,5698.649902,469774559,0.00011350114966890423,0.022027182012701152
292,10/19/2017,292,16633900.0,5698.620117,6075.319824,5611.390136999999,5993.109863000001,5993.109863000001,729487923,0.00013378087294269037,0.0516718812462329
293,10/20/2017,293,16636137.5,5993.109863000001,6187.200195,5874.540039,6006.649902,6006.649902,684989667,0.0001345144554194544,0.002259267610559279
294,10/21/2017,294,16638050.0,6006.649902,6070.560059,5722.97998,5982.859863000001,5982.859863000001,618893096,0.00011496057904070156,-0.003960616880980261
295,10/22/2017,295,16640325.0,5982.859863000001,6048.97998,5644.220215,5903.609863000001,5903.609863000001,801148315,0.00013673477360631736,-0.013246173538195016
296,10/23/2017,296,16642462.5,5903.609863000001,5904.629883,5463.410156,5513.080078,5513.080078,811951129,0.00012845301999808711,-0.06615101506750776
297,10/24/2017,297,16644550.0,5513.080078,5747.959961,5375.640136999999,5734.0,5734.0,585738379,0.00012543215885263415,0.04007195957148957
298,10/25/2017,298,16646862.5,5734.0,5970.399902,5689.919922,5887.609863000001,5887.609863000001,547664553,0.00013893436590350916,0.02678930292989201
299,10/26/2017,299,16649112.5,5887.620117,5997.830078,5692.319824,5764.560059,5764.560059,488283724,0.00013516060458829138,-0.020899789025304205
300,10/27/2017,300,16650412.5,5764.560059,5871.040039,5654.799805,5726.609863000001,5726.609863000001,305611140,7.808224011940368e-05,-0.006583363797337705
301,10/28/2017,301,16651475.0,5726.609863000001,6295.430176,5679.370117,6147.52002,6147.52002,966990808,6.381223288021154e-05,0.07350075648064092
302,10/30/2017,303,16655237.5,6147.700195,6226.180176,6018.970215,6124.279785,6124.279785,481600502,0.0002259559588564386,-0.003780424451549802
303,10/31/2017,304,16656962.5,6124.279785,6467.200195,6090.830078,6451.240234000001,6451.240234000001,637838767,0.00010357102382951844,0.053387575433900825
304,11/1/2017,305,16658325.0,6449.100098,6738.740234000001,6355.0,6737.779785,6737.779785,869798619,8.179762666804535e-05,0.04441619605015612
305,11/2/2017,306,16660787.5,6737.779785,7339.910156,6737.77002,7024.810059,7024.810059,1663170039,0.00014782398590496015,0.04260012691999848
306,11/3/2017,307,16662275.0,7024.810059,7445.620117,6938.930176000001,7152.120117,7152.120117,1120978013,8.928149404696661e-05,0.01812291819006462
307,11/4/2017,308,16663900.0,7146.97998,7492.240234000001,6957.839844,7363.799805,7363.799805,773371754,9.752569802135014e-05,0.029596774737724818
308,11/5/2017,309,16665662.5,7363.799805,7599.439941,7284.330078,7389.549805,7389.549805,789287755,0.0001057675574145378,0.0034968359653824166
309,11/6/2017,310,16667325.0,7389.549805,7429.700195,6934.72998,6959.22998,6959.22998,1148125488,9.97560102995454e-05,-0.0582335644735531
310,11/7/2017,311,16669275.0,6959.27002,7222.370117,6957.799805,7102.75,7102.75,716798409,0.00011699537868259391,0.02062297415266623
311,11/8/2017,312,16671075.0,7102.22998,7869.100098000001,7026.970215,7444.359863,7444.359863,1632547465,0.00010798310064474848,0.04809543669705385
312,11/9/2017,313,16672987.5,7444.359863,7457.120117,7040.830078,7129.589844,7129.589844,915963933,0.00011471965665088568,-0.04228302027209507
313,11/10/2017,314,16674487.5,7129.589844,7318.970215,6406.049805,6565.799805,6565.799805,1513421266,8.996588043985732e-05,-0.0790774857090083
314,11/11/2017,315,16675487.5,6565.799805,6821.5,6197.870117,6339.859863000001,6339.859863000001,878096915,5.997185820549866e-05,-0.034411640426188606
315,11/12/2017,316,16676487.5,6339.870117,6490.529785,5493.640136999999,5878.129883,5878.129883,1629165385,5.9968261797438416e-05,-0.07282968235539389
316,11/13/2017,317,16678237.5,5878.089844,6760.149901999999,5828.339844,6522.450195,6522.450195,1135256036,0.0001049381651860859,0.10961314649807652
317,11/14/2017,318,16679837.5,6522.450195,6728.589844,6419.180176,6597.060059,6597.060059,634604991,9.593339823821267e-05,0.01143893196105883
318,11/15/2017,319,16681737.5,6597.060059,7330.060059,6596.939941,7283.220215,7283.220215,922959468,0.00011390998263616225,0.10400999079338535
319,11/16/2017,320,16683637.5,7283.02002,7964.640137,7119.169922,7853.680176000001,7853.680176000001,1010130763,0.00011389700862984853,0.07832523858404317
320,11/17/2017,321,16685725.0,7853.680176000001,8000.189941,7534.700195,7699.950195,7699.950195,917599923,0.00012512259391872504,-0.019574260417400624
321,11/18/2017,322,16687425.0,7699.950195,7857.52002,7458.899901999999,7780.910156,7780.910156,571121111,0.00010188349622208825,0.010514348658069439
322,11/19/2017,323,16689425.0,7781.02002,8100.870117,7675.410156,8042.640137,8042.640137,541391321,0.00011985072592080037,0.03363745060057988
323,11/20/2017,324,16691612.5,8042.640137,8294.120117,7947.279785,8244.69043,8244.69043,617354329,0.00013107102251885827,0.025122383888652733
324,11/21/2017,325,16693775.0,8245.870117,8368.360352,7819.060059,8099.970215,8099.970215,938345413,0.00012955608692699627,-0.017553141167484743
325,11/22/2017,326,16695312.5,8099.919922,8304.370117,8091.629883,8234.549805,8234.549805,539697375,9.210019902639033e-05,0.01661482529291014
326,11/23/2017,327,16697587.5,8234.5,8266.549805,8012.350098000001,8013.410156,8013.410156,555465146,0.00013626579316805554,-0.02685509885017945
327,11/24/2017,328,16699450.0,8013.379883,8332.94043,7900.169922,8200.799805,8200.799805,595710405,0.00011154305973848366,0.02338450738849218
328,11/25/2017,329,16701400.0,8203.450195,8761.980469,8153.700195,8754.69043,8754.69043,718483679,0.00011677031279466732,0.0675410494306048
329,11/26/2017,330,16703312.5,8754.620117,9474.620117,8746.55957,9318.419922,9318.419922,782499976,0.00011451135832918347,0.06439171053590287
330,11/27/2017,331,16705437.5,9318.419922,9733.610352,9316.839844,9733.200195,9733.200195,1025175619,0.00012722027442158002,0.04451186751315417
331,11/28/2017,332,16707387.5,9732.629883,9969.580078,9638.200195,9906.040039,9906.040039,865328615,0.00011672846041888008,0.01775776112041627
332,11/29/2017,333,16709550.0,9906.040039,11417.83984,8938.700195,9837.860352,9837.860352,2418792360,0.00012943376096341552,-0.006882637939234715
333,11/30/2017,334,16711637.5,9848.049805,10689.05957,9023.769531,9946.759766,9946.759766,1836210107,0.00012492855881807152,0.011069420595898327
334,12/1/2017,335,16713925.0,9947.080078,10942.799809999999,9420.929688,10861.469729999999,10861.469729999999,1353669597,0.0001368806617543239,0.09196059676907642
335,12/2/2017,336,16715937.5,10861.469729999999,11175.23047,10715.549809999999,10912.73047,10912.73047,950474241,0.000120408581467224,0.0047195030943572025
336,12/3/2017,337,16718137.5,10912.719729999999,11851.08984,10578.42969,11246.20996,11246.20996,1380012064,0.00013161092520230788,0.0305587580410569
337,12/4/2017,338,16720400.0,11244.2002,11624.62988,10917.80957,11623.91016,11623.91016,1057859226,0.00013533206076332682,0.03358466553117778
338,12/5/2017,339,16722625.0,11624.37012,11901.87012,11486.12988,11667.12988,11667.12988,1048839303,0.00013307097916315236,0.003718173953952908
339,12/6/2017,340,16724975.0,11667.12988,13843.2002,11661.75977,13749.57031,13749.57031,2437037791,0.00014052817664689243,0.17848780732009795
340,12/7/2017,341,16726862.5,13750.08984,16879.25977,13401.61035,16850.31055,16850.31055,4510225316,0.00011285517616621554,0.22551542848905215
341,12/8/2017,342,16728825.0,16867.98047,17294.84961,13906.09961,16047.61035,16047.61035,4546014731,0.00011732624692761817,-0.04763711610050991
